{"name":"NH 70","step_m":100.0,"segments":[{"c":0,"km":72.3,"pts":[[25.7541,70.28848],[25.76114,70.28727],[25.78231,70.29568],[25.79426,70.29177],[25.80193,70.2727],[25.7981,70.2639],[25.79951,70.25825],[25.81103,70.25136],[25.81772,70.2384],[25.82353,70.23717],[25.82389,70.22135],[25.83515,70.22908],[25.84864,70.2292],[25.86042,70.22081],[25.87193,70.22297],[25.87888,70.22104],[25.88181,70.21298],[25.90581,70.21956],[25.93143,70.20036],[25.93337,70.19387],[25.94638,70.19557],[25.95914,70.18628],[25.96715,70.18539],[25.989,70.17433],[26.01515,70.19189],[26.02973,70.19913],[26.03579,70.19778],[26.04662,70.20261],[26.08022,70.22392],[26.08102,70.22985],[26.16371,70.29192],[26.25671,70.37986]]},{"c":0,"km":232.58,"pts":[[26.25671,70.37986],[26.26267,70.36441],[26.27467,70.35805],[26.27126,70.35353],[26.26981,70.34087],[26.26143,70.32807],[26.28098,70.29241],[26.30172,70.27521],[26.339,70.28637],[26.34697,70.28526],[26.33844,70.26048],[26.3409,70.24772],[26.40612,70.26351],[26.41071,70.25006],[26.44085,70.24555],[26.47846,70.26422],[26.48454,70.26358],[26.50664,70.28713],[26.50319,70.29381],[26.51436,70.30882],[26.52145,70.35735],[26.53358,70.36328],[26.55467,70.36019],[26.57848,70.31586],[26.58304,70.31283],[26.59641,70.31418],[26.60402,70.30885],[26.61754,70.31658],[26.62327,70.3144],[26.64823,70.32021],[26.65409,70.31579],[26.66475,70.31475],[26.67156,70.31943],[26.69318,70.32481],[26.71652,70.30971],[26.7289,70.30731],[26.73816,70.31066],[26.74942,70.30324],[26.78606,70.32163],[26.80539,70.3124],[26.85045,70.3254],[26.87725,70.33942],[26.90653,70.34497],[26.92121,70.33765],[26.9273,70.32311],[26.93589,70.31583],[26.96664,70.30448],[26.98626,70.30366],[26.99532,70.2942],[27.00238,70.29472],[27.0133,70.29031],[27.02651,70.29258],[27.05142,70.30573],[27.07899,70.30131],[27.08747,70.30869],[27.09731,70.30963],[27.13659,70.29913],[27.14915,70.30012],[27.15919,70.3068],[27.17732,70.31188],[27.18353,70.29884],[27.18787,70.22428],[27.19945,70.19365],[27.20694,70.19025],[27.21225,70.18213],[27.20935,70.14934],[27.22602,70.10381],[27.22664,70.0866],[27.25259,70.0705],[27.26157,70.0606],[27.28721,70.05964],[27.31152,70.04724],[27.34719,70.0636],[27.38492,70.09583],[27.43177,70.11081],[27.58566,70.18885],[27.61006,70.20605],[27.62098,70.22556],[27.638,70.24051],[27.64389,70.2511],[27.67024,70.26353],[27.67523,70.27182],[27.68752,70.27777],[27.69847,70.29598],[27.71379,70.30645],[27.71271,70.31408],[27.72008,70.32139],[27.73454,70.32957],[27.74514,70.34047],[27.7873,70.35482],[27.79515,70.35311]]}],"buffer_polygons":{"250":{"type":"Polygon","coordinates":[[[70.0448,27.3104],[70.0452,27.3136],[70.0612,27.3479],[70.0691,27.3546],[70.0781,27.3679],[70.0938,27.3863],[70.1011,27.4074],[70.101,27.4154],[70.1059,27.4229],[70.1084,27.4324],[70.1195,27.4547],[70.1318,27.4756],[70.1528,27.5222],[70.1673,27.547],[70.1863,27.5863],[70.2044,27.6118],[70.2108,27.6169],[70.2236,27.6224],[70.2387,27.6396],[70.2458,27.6419],[70.2491,27.6453],[70.2612,27.6712],[70.2697,27.6765],[70.2762,27.6893],[70.2866,27.6946],[70.2942,27.7002],[70.3043,27.7152],[70.3079,27.7163],[70.3127,27.7147],[70.3193,27.7214],[70.3275,27.7359],[70.338,27.7458],[70.3466,27.7676],[70.3525,27.7884],[70.3506,27.7956],[70.3517,27.797],[70.3545,27.797],[70.3575,27.7875],[70.3515,27.7663],[70.342,27.7428],[70.3317,27.7333],[70.3236,27.719],[70.3167,27.7118],[70.3133,27.7101],[70.3076,27.7117],[70.2978,27.6969],[70.2894,27.6908],[70.2799,27.6863],[70.2738,27.6738],[70.2657,27.669],[70.2531,27.6425],[70.2484,27.638],[70.2423,27.6364],[70.2268,27.619],[70.2135,27.6131],[70.2081,27.6087],[70.1907,27.5841],[70.1719,27.5451],[70.1574,27.5203],[70.1364,27.4737],[70.1241,27.4528],[70.1131,27.4307],[70.1107,27.4214],[70.1059,27.4142],[70.1061,27.4064],[70.0984,27.3844],[70.0822,27.3653],[70.0731,27.3518],[70.0659,27.3462],[70.0498,27.3114],[70.0619,27.2883],[70.0641,27.2802],[70.0647,27.2701],[70.063,27.2625],[70.0728,27.2536],[70.0883,27.2284],[70.0936,27.2303],[70.1043,27.2282],[70.1215,27.2208],[70.1394,27.2159],[70.1493,27.2117],[70.1606,27.2144],[70.1829,27.2145],[70.1919,27.2087],[70.1956,27.2011],[70.2249,27.1901],[70.2995,27.1858],[70.3144,27.1784],[70.3101,27.1669],[70.309,27.1579],[70.3025,27.1484],[70.3016,27.1362],[70.3122,27.0973],[70.3111,27.0867],[70.3039,27.0788],[70.3082,27.0508],[70.3042,27.0465],[70.2947,27.0253],[70.2928,27.0131],[70.2973,27.0025],[70.2966,26.996],[70.306,26.9873],[70.3056,26.9744],[70.307,26.9668],[70.318,26.937],[70.3244,26.9292],[70.3397,26.9225],[70.3475,26.9069],[70.3418,26.8766],[70.3344,26.8652],[70.3276,26.8494],[70.3269,26.8395],[70.315,26.8056],[70.3148,26.8028],[70.3243,26.7861],[70.3115,26.7563],[70.3057,26.7489],[70.3122,26.7416],[70.3133,26.7379],[70.3098,26.7287],[70.3119,26.7178],[70.3275,26.6927],[70.323,26.6822],[70.3217,26.6705],[70.3173,26.6649],[70.3181,26.6552],[70.3227,26.6487],[70.3199,26.6351],[70.3206,26.6299],[70.3169,26.6229],[70.3192,26.6173],[70.3116,26.6044],[70.3165,26.5973],[70.3151,26.5858],[70.3153,26.5831],[70.3174,26.5802],[70.328,26.573],[70.3362,26.5709],[70.3626,26.5556],[70.3659,26.5334],[70.3588,26.5195],[70.3099,26.5123],[70.3037,26.5067],[70.2989,26.5051],[70.2938,26.5007],[70.2875,26.5039],[70.2662,26.4841],[70.2667,26.4779],[70.2614,26.4662],[70.2562,26.4598],[70.248,26.4403],[70.2482,26.432],[70.251,26.4261],[70.2509,26.4194],[70.253,26.4165],[70.2522,26.412],[70.2608,26.4106],[70.2661,26.4066],[70.2628,26.397],[70.2612,26.3803],[70.2528,26.3576],[70.2502,26.3412],[70.2599,26.3406],[70.2824,26.3493],[70.286,26.3494],[70.2878,26.3474],[70.2889,26.3389],[70.2814,26.3182],[70.2777,26.302],[70.289,26.287],[70.2942,26.2826],[70.3097,26.274],[70.3188,26.2704],[70.3282,26.2639],[70.3399,26.2719],[70.3521,26.2732],[70.3589,26.2769],[70.3664,26.2641],[70.3717,26.2611],[70.3809,26.2588],[70.3824,26.2566],[70.3705,26.2459],[70.3492,26.2186],[70.3354,26.2061],[70.2938,26.1622],[70.2519,26.1074],[70.2411,26.095],[70.2316,26.0793],[70.2283,26.0773],[70.2252,26.0777],[70.2048,26.0456],[70.2003,26.0357],[70.2015,26.029],[70.1967,26.0224],[70.1942,26.0142],[70.1767,25.9882],[70.1821,25.976],[70.1879,25.9676],[70.1885,25.9601],[70.198,25.9472],[70.1961,25.9344],[70.202,25.9331],[70.2113,25.9221],[70.2189,25.9091],[70.2218,25.9069],[70.2209,25.8938],[70.2173,25.8885],[70.2158,25.8828],[70.2201,25.8828],[70.2232,25.8801],[70.2255,25.872],[70.2233,25.8608],[70.2316,25.8503],[70.2316,25.8349],[70.2266,25.8268],[70.2325,25.8278],[70.239,25.8252],[70.24,25.8194],[70.2536,25.8122],[70.2586,25.8019],[70.263,25.8003],[70.2698,25.8039],[70.2733,25.8041],[70.2938,25.7956],[70.2982,25.7825],[70.2897,25.7606],[70.2909,25.7538],[70.2891,25.7519],[70.2865,25.7527],[70.2846,25.7598],[70.2932,25.7828],[70.2899,25.7927],[70.2722,25.7997],[70.2637,25.7958],[70.2572,25.7975],[70.2536,25.8002],[70.25,25.8091],[70.2359,25.8168],[70.2351,25.8216],[70.2315,25.8233],[70.2219,25.8211],[70.219,25.823],[70.2192,25.8252],[70.2266,25.8357],[70.2267,25.8492],[70.2184,25.8597],[70.2205,25.872],[70.2186,25.8783],[70.2133,25.8783],[70.2105,25.8813],[70.2126,25.89],[70.2161,25.8951],[70.2171,25.9048],[70.2139,25.9077],[70.2071,25.9197],[70.1987,25.9294],[70.1939,25.9295],[70.1913,25.9329],[70.1906,25.9356],[70.1931,25.9457],[70.1839,25.9584],[70.1831,25.9662],[70.1776,25.9741],[70.1717,25.9881],[70.1728,25.9916],[70.1897,26.0162],[70.1922,26.0243],[70.1967,26.0304],[70.1954,26.0366],[70.2006,26.0482],[70.2219,26.0815],[70.2239,26.0827],[70.2276,26.082],[70.237,26.0976],[70.2479,26.11],[70.2898,26.165],[70.3317,26.2091],[70.3454,26.2215],[70.3666,26.2486],[70.3749,26.2556],[70.3695,26.257],[70.3628,26.2609],[70.3575,26.2709],[70.3505,26.2682],[70.3421,26.2678],[70.3361,26.2628],[70.328,26.2591],[70.3161,26.2666],[70.3072,26.2701],[70.2902,26.2797],[70.2843,26.285],[70.2727,26.3011],[70.2766,26.3194],[70.2839,26.3396],[70.2832,26.3448],[70.2605,26.3362],[70.2488,26.3368],[70.2461,26.3384],[70.2452,26.3405],[70.2477,26.3581],[70.2561,26.3804],[70.2578,26.3978],[70.2608,26.4055],[70.2502,